<?xml version="1.0" encoding="UTF-8"?>
<!DOCTYPE hibernate-mapping PUBLIC
        "-//Hibernate/Hibernate Mapping DTD 3.0//EN"
        "http://www.hibernate.org/dtd/hibernate-mapping-3.0.dtd">
<hibernate-mapping package="org.kgisl.model">
    <class name="User" table="USERS">
        <id name="id" column="USER_ID">
            <generator class="native"/>
        </id>
        <property name="username" column="USERNAME" />
        <property name="password" column="PASSWORD" />
        <property name="email" column="EMAIL" />
    </class> 
</hibernate-mapping>